{
  "counters": {},
  "gauges": {},
  "histograms": {},
  "timers": {},
  "system": {
    "timestamps": [
      1743918224.380588,
      1743918229.380589,
      1743918234.380589,
      1743918234.378602
    ],
    "cpu_percent": [
      10,
      20,
      30,
      48.0
    ],
    "memory_percent": [
      40,
      50,
      60,
      94.4
    ],
    "disk_usage_percent": [
      70,
      80,
      90,
      2.3
    ]
  }
}