{
  "counters": {},
  "gauges": {},
  "histograms": {},
  "timers": {},
  "system": {
    "timestamps": [
      1743918222.859978,
      1743918227.859979,
      1743918232.859979,
      1743918232.854673
    ],
    "cpu_percent": [
      10,
      20,
      30,
      14.7
    ],
    "memory_percent": [
      40,
      50,
      60,
      94.3
    ],
    "disk_usage_percent": [
      70,
      80,
      90,
      2.3
    ]
  }
}