{
  "counters": {},
  "gauges": {},
  "histograms": {},
  "timers": {},
  "system": {
    "timestamps": [
      1743918136.122484,
      1743918141.122484,
      1743918146.122484,
      1743918146.117683
    ],
    "cpu_percent": [
      10,
      20,
      30,
      36.8
    ],
    "memory_percent": [
      40,
      50,
      60,
      94.4
    ],
    "disk_usage_percent": [
      70,
      80,
      90,
      2.3
    ]
  }
}