{
  "counters": {},
  "gauges": {},
  "histograms": {},
  "timers": {},
  "system": {
    "timestamps": [
      1743918331.012623,
      1743918336.012623,
      1743918341.012623,
      1743918341.010224
    ],
    "cpu_percent": [
      10.0,
      20.0,
      30.0,
      23.5
    ],
    "memory_percent": [
      40.0,
      50.0,
      60.0,
      94.3
    ],
    "disk_usage_percent": [
      70.0,
      80.0,
      90.0,
      2.3
    ]
  }
}