{
  "counters": {},
  "gauges": {},
  "histograms": {},
  "timers": {},
  "system": {
    "timestamps": [
      1743918328.980785,
      1743918333.980785,
      1743918338.980785,
      1743918338.975747
    ],
    "cpu_percent": [
      10.0,
      20.0,
      30.0,
      14.6
    ],
    "memory_percent": [
      40.0,
      50.0,
      60.0,
      94.2
    ],
    "disk_usage_percent": [
      70.0,
      80.0,
      90.0,
      2.3
    ]
  }
}