{
  "counters": {},
  "gauges": {},
  "histograms": {},
  "timers": {},
  "system": {
    "timestamps": [
      1743918139.163506,
      1743918144.163506,
      1743918149.163506,
      1743918149.16193
    ],
    "cpu_percent": [
      10,
      20,
      30,
      43.4
    ],
    "memory_percent": [
      40,
      50,
      60,
      94.3
    ],
    "disk_usage_percent": [
      70,
      80,
      90,
      2.3
    ]
  }
}