{
  "counters": {},
  "gauges": {},
  "histograms": {},
  "timers": {},
  "system": {
    "timestamps": [
      1743918449.251442,
      1743918454.251442,
      1743918459.251442,
      1743918459.24945
    ],
    "cpu_percent": [
      10.0,
      20.0,
      30.0,
      14.3
    ],
    "memory_percent": [
      40.0,
      50.0,
      60.0,
      94.3
    ],
    "disk_usage_percent": [
      70.0,
      80.0,
      90.0,
      2.3
    ]
  }
}