{
  "counters": {},
  "gauges": {},
  "histograms": {},
  "timers": {},
  "system": {
    "timestamps": [
      1743918329.9937751,
      1743918334.9937751,
      1743918339.9937751,
      1743918339.992338
    ],
    "cpu_percent": [
      10.0,
      20.0,
      30.0,
      25.2
    ],
    "memory_percent": [
      40.0,
      50.0,
      60.0,
      94.2
    ],
    "disk_usage_percent": [
      70.0,
      80.0,
      90.0,
      2.3
    ]
  }
}