{
  "counters": {},
  "gauges": {},
  "histograms": {},
  "timers": {},
  "system": {
    "timestamps": [
      1743918137.641978,
      1743918142.641979,
      1743918147.641979,
      1743918147.6401331
    ],
    "cpu_percent": [
      10,
      20,
      30,
      26.3
    ],
    "memory_percent": [
      40,
      50,
      60,
      94.3
    ],
    "disk_usage_percent": [
      70,
      80,
      90,
      2.3
    ]
  }
}