{
  "counters": {},
  "gauges": {},
  "histograms": {},
  "timers": {},
  "system": {
    "timestamps": [
      1743918448.234337,
      1743918453.234337,
      1743918458.234337,
      1743918458.227919
    ],
    "cpu_percent": [
      10.0,
      20.0,
      30.0,
      9.6
    ],
    "memory_percent": [
      40.0,
      50.0,
      60.0,
      94.3
    ],
    "disk_usage_percent": [
      70.0,
      80.0,
      90.0,
      2.3
    ]
  }
}