{
  "counters": {},
  "gauges": {},
  "histograms": {},
  "timers": {},
  "system": {
    "timestamps": [
      1743918225.90322,
      1743918230.90322,
      1743918235.90322,
      1743918235.901629
    ],
    "cpu_percent": [
      10,
      20,
      30,
      35.0
    ],
    "memory_percent": [
      40,
      50,
      60,
      94.4
    ],
    "disk_usage_percent": [
      70,
      80,
      90,
      2.3
    ]
  }
}